mp_id,given_name,family_name,name,photo_url,list,attendance,possible,účasť
1112,Slavěna,Vorobelová,Slavěna Vorobelová,https://www.nrsr.sk/web/dynamic/PoslanecPhoto.aspx?PoslanecID=1112&ImageWidth=140,Kotlebovci - Ľudová strana Naše Slovensko,2598,2737,95
955,Peter,Krupa,Peter Krupa,https://www.nrsr.sk/web/dynamic/PoslanecPhoto.aspx?PoslanecID=955&ImageWidth=140,Kotlebovci - Ľudová strana Naše Slovensko,4535,6150,74
954,Stanislav,Mizík,Stanislav Mizík,https://www.nrsr.sk/web/dynamic/PoslanecPhoto.aspx?PoslanecID=954&ImageWidth=140,Kotlebovci - Ľudová strana Naše Slovensko,4270,6145,69
952,Andrej,Medvecký,Andrej Medvecký,https://www.nrsr.sk/web/dynamic/PoslanecPhoto.aspx?PoslanecID=952&ImageWidth=140,Kotlebovci - Ľudová strana Naše Slovensko,3485,6140,57
945,Rastislav,Schlosár,Rastislav Schlosár,https://www.nrsr.sk/web/dynamic/PoslanecPhoto.aspx?PoslanecID=945&ImageWidth=140,Kotlebovci - Ľudová strana Naše Slovensko,4457,6132,73
1007,Ondrej,Ďurica,Ondrej Ďurica,https://www.nrsr.sk/web/dynamic/PoslanecPhoto.aspx?PoslanecID=1007&ImageWidth=140,Kotlebovci - Ľudová strana Naše Slovensko,5130,6148,83
919,Martin,Beluský,Martin Beluský,https://www.nrsr.sk/web/dynamic/PoslanecPhoto.aspx?PoslanecID=919&ImageWidth=140,Kotlebovci - Ľudová strana Naše Slovensko,4795,6153,78
1024,Eduard,Kočiš,Eduard Kočiš,https://www.nrsr.sk/web/dynamic/PoslanecPhoto.aspx?PoslanecID=1024&ImageWidth=140,Kotlebovci - Ľudová strana Naše Slovensko,5421,6148,88
1027,Marek,Kotleba,Marek Kotleba,https://www.nrsr.sk/web/dynamic/PoslanecPhoto.aspx?PoslanecID=1027&ImageWidth=140,Kotlebovci - Ľudová strana Naše Slovensko,4211,6150,68
1034,Filip,Kuffa,Filip Kuffa,https://www.nrsr.sk/web/dynamic/PoslanecPhoto.aspx?PoslanecID=1034&ImageWidth=140,Kotlebovci - Ľudová strana Naše Slovensko,4020,6153,65
858,Štefan,Kuffa,Štefan Kuffa,https://www.nrsr.sk/web/dynamic/PoslanecPhoto.aspx?PoslanecID=858&ImageWidth=140,Kotlebovci - Ľudová strana Naše Slovensko,3830,6127,63
1059,Magdaléna,Sulanová,Magdaléna Sulanová,https://www.nrsr.sk/web/dynamic/PoslanecPhoto.aspx?PoslanecID=1059&ImageWidth=140,Kotlebovci - Ľudová strana Naše Slovensko,5107,6142,83
1064,Jozef,Šimko,Jozef Šimko,https://www.nrsr.sk/web/dynamic/PoslanecPhoto.aspx?PoslanecID=1064&ImageWidth=140,Kotlebovci - Ľudová strana Naše Slovensko,4534,6145,74
975,Milan,Mazurek,Milan Mazurek,https://www.nrsr.sk/web/dynamic/PoslanecPhoto.aspx?PoslanecID=975&ImageWidth=140,Kotlebovci - Ľudová strana Naše Slovensko,5271,6151,86
1073,Miroslav,Urban,Miroslav Urban,https://www.nrsr.sk/web/dynamic/PoslanecPhoto.aspx?PoslanecID=1073&ImageWidth=140,Kotlebovci - Ľudová strana Naše Slovensko,4457,6150,72
1083,Miroslav,Suja,Miroslav Suja,https://www.nrsr.sk/web/dynamic/PoslanecPhoto.aspx?PoslanecID=1083&ImageWidth=140,Kotlebovci - Ľudová strana Naše Slovensko,4598,6138,75
1072,Tomáš,Taraba,Tomáš Taraba,https://www.nrsr.sk/web/dynamic/PoslanecPhoto.aspx?PoslanecID=1072&ImageWidth=140,Kotlebovci - Ľudová strana Naše Slovensko,3605,6151,59
1065,Michal,Šipoš,Michal Šipoš,https://www.nrsr.sk/web/dynamic/PoslanecPhoto.aspx?PoslanecID=1065&ImageWidth=140,"OĽANO, NOVA, KÚ, ZMENA ZDOLA",5873,6153,95
1028,Monika,Kozelová,Monika Kozelová,https://www.nrsr.sk/web/dynamic/PoslanecPhoto.aspx?PoslanecID=1028&ImageWidth=140,"OĽANO, NOVA, KÚ, ZMENA ZDOLA",5788,6149,94
1076,Jarmila,Vaňová,Jarmila Vaňová,https://www.nrsr.sk/web/dynamic/PoslanecPhoto.aspx?PoslanecID=1076&ImageWidth=140,"OĽANO, NOVA, KÚ, ZMENA ZDOLA",5370,6153,87
1078,Milan,Vetrák,Milan Vetrák,https://www.nrsr.sk/web/dynamic/PoslanecPhoto.aspx?PoslanecID=1078&ImageWidth=140,"OĽANO, NOVA, KÚ, ZMENA ZDOLA",4530,6133,74
1021,Ján,Kerekréti,Ján Kerekréti,https://www.nrsr.sk/web/dynamic/PoslanecPhoto.aspx?PoslanecID=1021&ImageWidth=140,"OĽANO, NOVA, KÚ, ZMENA ZDOLA",4309,6145,70
1020,Monika,Kavecká,Monika Kavecká,https://www.nrsr.sk/web/dynamic/PoslanecPhoto.aspx?PoslanecID=1020&ImageWidth=140,"OĽANO, NOVA, KÚ, ZMENA ZDOLA",5746,6153,93
1079,Peter,Vons,Peter Vons,https://www.nrsr.sk/web/dynamic/PoslanecPhoto.aspx?PoslanecID=1079&ImageWidth=140,"OĽANO, NOVA, KÚ, ZMENA ZDOLA",5855,6153,95
1016,Igor,Hus,Igor Hus,https://www.nrsr.sk/web/dynamic/PoslanecPhoto.aspx?PoslanecID=1016&ImageWidth=140,"OĽANO, NOVA, KÚ, ZMENA ZDOLA",5731,6149,93
1012,Katarína,Hatráková,Katarína Hatráková,https://www.nrsr.sk/web/dynamic/PoslanecPhoto.aspx?PoslanecID=1012&ImageWidth=140,"OĽANO, NOVA, KÚ, ZMENA ZDOLA",5347,6147,87
1011,Róbert,Halák,Róbert Halák,https://www.nrsr.sk/web/dynamic/PoslanecPhoto.aspx?PoslanecID=1011&ImageWidth=140,"OĽANO, NOVA, KÚ, ZMENA ZDOLA",5702,6131,93
1080,Kristián,Čekovský,Kristián Čekovský,https://www.nrsr.sk/web/dynamic/PoslanecPhoto.aspx?PoslanecID=1080&ImageWidth=140,"OĽANO, NOVA, KÚ, ZMENA ZDOLA",5645,6153,92
1006,Dominik,Drdul,Dominik Drdul,https://www.nrsr.sk/web/dynamic/PoslanecPhoto.aspx?PoslanecID=1006&ImageWidth=140,"OĽANO, NOVA, KÚ, ZMENA ZDOLA",5106,6146,83
1004,Peter,Dobeš,Peter Dobeš,https://www.nrsr.sk/web/dynamic/PoslanecPhoto.aspx?PoslanecID=1004&ImageWidth=140,"OĽANO, NOVA, KÚ, ZMENA ZDOLA",5905,6140,96
1003,Martin,Čepček,Martin Čepček,https://www.nrsr.sk/web/dynamic/PoslanecPhoto.aspx?PoslanecID=1003&ImageWidth=140,"OĽANO, NOVA, KÚ, ZMENA ZDOLA",4796,6110,78
999,Martina,Brisudová,Martina Brisudová,https://www.nrsr.sk/web/dynamic/PoslanecPhoto.aspx?PoslanecID=999&ImageWidth=140,"OĽANO, NOVA, KÚ, ZMENA ZDOLA",5493,6139,89
1088,Peter,Pollák,Peter Pollák,https://www.nrsr.sk/web/dynamic/PoslanecPhoto.aspx?PoslanecID=1088&ImageWidth=140,"OĽANO, NOVA, KÚ, ZMENA ZDOLA",5660,6138,92
1089,Radovan,Marcinčin,Radovan Marcinčin,https://www.nrsr.sk/web/dynamic/PoslanecPhoto.aspx?PoslanecID=1089&ImageWidth=140,"OĽANO, NOVA, KÚ, ZMENA ZDOLA",5677,6126,93
1090,Marek,Šefčík,Marek Šefčík,https://www.nrsr.sk/web/dynamic/PoslanecPhoto.aspx?PoslanecID=1090&ImageWidth=140,"OĽANO, NOVA, KÚ, ZMENA ZDOLA",5903,6127,96
1030,Peter,Kremský,Peter Kremský,https://www.nrsr.sk/web/dynamic/PoslanecPhoto.aspx?PoslanecID=1030&ImageWidth=140,"OĽANO, NOVA, KÚ, ZMENA ZDOLA",5161,6147,84
1031,Ján,Krošlák,Ján Krošlák,https://www.nrsr.sk/web/dynamic/PoslanecPhoto.aspx?PoslanecID=1031&ImageWidth=140,"OĽANO, NOVA, KÚ, ZMENA ZDOLA",5066,6153,82
1032,Juraj,Krúpa,Juraj Krúpa,https://www.nrsr.sk/web/dynamic/PoslanecPhoto.aspx?PoslanecID=1032&ImageWidth=140,"OĽANO, NOVA, KÚ, ZMENA ZDOLA",5574,6145,91
1033,Karol,Kučera,Karol Kučera,https://www.nrsr.sk/web/dynamic/PoslanecPhoto.aspx?PoslanecID=1033&ImageWidth=140,"OĽANO, NOVA, KÚ, ZMENA ZDOLA",5811,6135,95
1067,Tomáš,Šudík,Tomáš Šudík,https://www.nrsr.sk/web/dynamic/PoslanecPhoto.aspx?PoslanecID=1067&ImageWidth=140,"OĽANO, NOVA, KÚ, ZMENA ZDOLA",5575,6153,91
1063,Jaromír,Šíbl,Jaromír Šíbl,https://www.nrsr.sk/web/dynamic/PoslanecPhoto.aspx?PoslanecID=1063&ImageWidth=140,"OĽANO, NOVA, KÚ, ZMENA ZDOLA",5605,6149,91
1061,Ján,Szőllős,Ján Szőllős,https://www.nrsr.sk/web/dynamic/PoslanecPhoto.aspx?PoslanecID=1061&ImageWidth=140,"OĽANO, NOVA, KÚ, ZMENA ZDOLA",5912,6153,96
1070,Romana,Tabák,Romana Tabák,https://www.nrsr.sk/web/dynamic/PoslanecPhoto.aspx?PoslanecID=1070&ImageWidth=140,"OĽANO, NOVA, KÚ, ZMENA ZDOLA",5470,6149,89
1056,Andrej,Stančík,Andrej Stančík,https://www.nrsr.sk/web/dynamic/PoslanecPhoto.aspx?PoslanecID=1056&ImageWidth=140,"OĽANO, NOVA, KÚ, ZMENA ZDOLA",4263,4539,94
1055,Anna,Remiášová,Anna Remiášová,https://www.nrsr.sk/web/dynamic/PoslanecPhoto.aspx?PoslanecID=1055&ImageWidth=140,"OĽANO, NOVA, KÚ, ZMENA ZDOLA",5574,6151,91
1054,Jozef,Pročko,Jozef Pročko,https://www.nrsr.sk/web/dynamic/PoslanecPhoto.aspx?PoslanecID=1054&ImageWidth=140,"OĽANO, NOVA, KÚ, ZMENA ZDOLA",5564,6151,90
1053,Milan,Potocký,Milan Potocký,https://www.nrsr.sk/web/dynamic/PoslanecPhoto.aspx?PoslanecID=1053&ImageWidth=140,"OĽANO, NOVA, KÚ, ZMENA ZDOLA",5950,6147,97
1066,Mária,Šofranko,Mária Šofranko,https://www.nrsr.sk/web/dynamic/PoslanecPhoto.aspx?PoslanecID=1066&ImageWidth=140,"OĽANO, NOVA, KÚ, ZMENA ZDOLA",5580,5985,93
1051,Zita,Pleštinská,Zita Pleštinská,https://www.nrsr.sk/web/dynamic/PoslanecPhoto.aspx?PoslanecID=1051&ImageWidth=140,"OĽANO, NOVA, KÚ, ZMENA ZDOLA",5752,6141,94
1047,Jaroslav,Naď,Jaroslav Naď,https://www.nrsr.sk/web/dynamic/PoslanecPhoto.aspx?PoslanecID=1047&ImageWidth=140,"OĽANO, NOVA, KÚ, ZMENA ZDOLA",398,579,69
1046,Roman,Mikulec,Roman Mikulec,https://www.nrsr.sk/web/dynamic/PoslanecPhoto.aspx?PoslanecID=1046&ImageWidth=140,"OĽANO, NOVA, KÚ, ZMENA ZDOLA",537,579,93
1044,Marcel,Mihalik,Marcel Mihalik,https://www.nrsr.sk/web/dynamic/PoslanecPhoto.aspx?PoslanecID=1044&ImageWidth=140,"OĽANO, NOVA, KÚ, ZMENA ZDOLA",5768,6151,94
995,Anna,Andrejuvová,Anna Andrejuvová,https://www.nrsr.sk/web/dynamic/PoslanecPhoto.aspx?PoslanecID=995&ImageWidth=140,"OĽANO, NOVA, KÚ, ZMENA ZDOLA",5742,6147,93
1041,Jana,Majorová Garstková,Jana Majorová Garstková,https://www.nrsr.sk/web/dynamic/PoslanecPhoto.aspx?PoslanecID=1041&ImageWidth=140,"OĽANO, NOVA, KÚ, ZMENA ZDOLA",5636,6150,92
1038,Peter,Liba,Peter Liba,https://www.nrsr.sk/web/dynamic/PoslanecPhoto.aspx?PoslanecID=1038&ImageWidth=140,"OĽANO, NOVA, KÚ, ZMENA ZDOLA",5184,6146,84
1036,Lukáš,Kyselica,Lukáš Kyselica,https://www.nrsr.sk/web/dynamic/PoslanecPhoto.aspx?PoslanecID=1036&ImageWidth=140,"OĽANO, NOVA, KÚ, ZMENA ZDOLA",5353,5758,93
1035,Milan,Kuriak,Milan Kuriak,https://www.nrsr.sk/web/dynamic/PoslanecPhoto.aspx?PoslanecID=1035&ImageWidth=140,"OĽANO, NOVA, KÚ, ZMENA ZDOLA",5435,6149,88
1048,Erik,Ňarjaš,Erik Ňarjaš,https://www.nrsr.sk/web/dynamic/PoslanecPhoto.aspx?PoslanecID=1048&ImageWidth=140,"OĽANO, NOVA, KÚ, ZMENA ZDOLA",3624,6147,59
1043,Anna,Mierna,Anna Mierna,https://www.nrsr.sk/web/dynamic/PoslanecPhoto.aspx?PoslanecID=1043&ImageWidth=140,"OĽANO, NOVA, KÚ, ZMENA ZDOLA",5720,6145,93
22,Ján,Budaj,Ján Budaj,https://www.nrsr.sk/web/dynamic/PoslanecPhoto.aspx?PoslanecID=22&ImageWidth=140,"OĽANO, NOVA, KÚ, ZMENA ZDOLA",537,579,93
1005,Lucia,Drábiková,Lucia Drábiková,https://www.nrsr.sk/web/dynamic/PoslanecPhoto.aspx?PoslanecID=1005&ImageWidth=140,"OĽANO, NOVA, KÚ, ZMENA ZDOLA",5690,6136,93
808,Igor,Matovič,Igor Matovič,https://www.nrsr.sk/web/dynamic/PoslanecPhoto.aspx?PoslanecID=808&ImageWidth=140,"OĽANO, NOVA, KÚ, ZMENA ZDOLA",1166,1382,84
147,Anna,Záborská,Anna Záborská,https://www.nrsr.sk/web/dynamic/PoslanecPhoto.aspx?PoslanecID=147&ImageWidth=140,"OĽANO, NOVA, KÚ, ZMENA ZDOLA",5338,6149,87
860,Eva,Horváthová,Eva Horváthová,https://www.nrsr.sk/web/dynamic/PoslanecPhoto.aspx?PoslanecID=860&ImageWidth=140,"OĽANO, NOVA, KÚ, ZMENA ZDOLA",5351,6153,87
861,Richard,Vašečka,Richard Vašečka,https://www.nrsr.sk/web/dynamic/PoslanecPhoto.aspx?PoslanecID=861&ImageWidth=140,"OĽANO, NOVA, KÚ, ZMENA ZDOLA",5708,6145,93
910,Gábor,Grendel,Gábor Grendel,https://www.nrsr.sk/web/dynamic/PoslanecPhoto.aspx?PoslanecID=910&ImageWidth=140,"OĽANO, NOVA, KÚ, ZMENA ZDOLA",5460,6140,89
783,Martin,Fecko,Martin Fecko,https://www.nrsr.sk/web/dynamic/PoslanecPhoto.aspx?PoslanecID=783&ImageWidth=140,"OĽANO, NOVA, KÚ, ZMENA ZDOLA",3761,4112,91
909,Eduard,Heger,Eduard Heger,https://www.nrsr.sk/web/dynamic/PoslanecPhoto.aspx?PoslanecID=909&ImageWidth=140,"OĽANO, NOVA, KÚ, ZMENA ZDOLA",509,579,88
907,Marek,Krajčí,Marek Krajčí,https://www.nrsr.sk/web/dynamic/PoslanecPhoto.aspx?PoslanecID=907&ImageWidth=140,"OĽANO, NOVA, KÚ, ZMENA ZDOLA",4432,4795,92
863,Ján,Mičovský,Ján Mičovský,https://www.nrsr.sk/web/dynamic/PoslanecPhoto.aspx?PoslanecID=863&ImageWidth=140,"OĽANO, NOVA, KÚ, ZMENA ZDOLA",3342,4345,77
912,Jozef,Lukáč,Jozef Lukáč,https://www.nrsr.sk/web/dynamic/PoslanecPhoto.aspx?PoslanecID=912&ImageWidth=140,SME RODINA,5459,6153,89
922,Petra,Krištúfková,Petra Krištúfková,https://www.nrsr.sk/web/dynamic/PoslanecPhoto.aspx?PoslanecID=922&ImageWidth=140,SME RODINA,5309,6153,86
1029,Ľuboš,Krajčír,Ľuboš Krajčír,https://www.nrsr.sk/web/dynamic/PoslanecPhoto.aspx?PoslanecID=1029&ImageWidth=140,SME RODINA,5618,6137,92
1018,Igor,Kašper,Igor Kašper,https://www.nrsr.sk/web/dynamic/PoslanecPhoto.aspx?PoslanecID=1018&ImageWidth=140,SME RODINA,5486,6153,89
1017,Jaroslav,Karahuta,Jaroslav Karahuta,https://www.nrsr.sk/web/dynamic/PoslanecPhoto.aspx?PoslanecID=1017&ImageWidth=140,SME RODINA,5595,6153,91
920,Milan,Krajniak,Milan Krajniak,https://www.nrsr.sk/web/dynamic/PoslanecPhoto.aspx?PoslanecID=920&ImageWidth=140,SME RODINA,707,761,93
1015,Štefan,Holý,Štefan Holý,https://www.nrsr.sk/web/dynamic/PoslanecPhoto.aspx?PoslanecID=1015&ImageWidth=140,SME RODINA,492,579,85
1039,Patrick,Linhart,Patrick Linhart,https://www.nrsr.sk/web/dynamic/PoslanecPhoto.aspx?PoslanecID=1039&ImageWidth=140,SME RODINA,4303,6153,70
917,Boris,Kollár,Boris Kollár,https://www.nrsr.sk/web/dynamic/PoslanecPhoto.aspx?PoslanecID=917&ImageWidth=140,SME RODINA,4994,6149,81
923,Peter,Pčolinský,Peter Pčolinský,https://www.nrsr.sk/web/dynamic/PoslanecPhoto.aspx?PoslanecID=923&ImageWidth=140,SME RODINA,5512,6153,90
924,Zuzana,Šebová,Zuzana Šebová,https://www.nrsr.sk/web/dynamic/PoslanecPhoto.aspx?PoslanecID=924&ImageWidth=140,SME RODINA,5488,6153,89
927,Ľudovít,Goga,Ľudovít Goga,https://www.nrsr.sk/web/dynamic/PoslanecPhoto.aspx?PoslanecID=927&ImageWidth=140,SME RODINA,5426,6153,88
928,Adriana,Pčolinská,Adriana Pčolinská,https://www.nrsr.sk/web/dynamic/PoslanecPhoto.aspx?PoslanecID=928&ImageWidth=140,SME RODINA,5255,6153,85
1050,Monika,Péter,Monika Péter,https://www.nrsr.sk/web/dynamic/PoslanecPhoto.aspx?PoslanecID=1050&ImageWidth=140,SME RODINA,5781,6153,94
998,Martin,Borguľa,Martin Borguľa,https://www.nrsr.sk/web/dynamic/PoslanecPhoto.aspx?PoslanecID=998&ImageWidth=140,SME RODINA,5138,6153,84
1060,Miloš,Svrček,Miloš Svrček,https://www.nrsr.sk/web/dynamic/PoslanecPhoto.aspx?PoslanecID=1060&ImageWidth=140,SME RODINA,5786,6153,94
1010,Petra,Hajšelová,Petra Hajšelová,https://www.nrsr.sk/web/dynamic/PoslanecPhoto.aspx?PoslanecID=1010&ImageWidth=140,SME RODINA,5669,6153,92
873,Marián,Kéry,Marián Kéry,https://www.nrsr.sk/web/dynamic/PoslanecPhoto.aspx?PoslanecID=873&ImageWidth=140,SMER – sociálna demokracia,5480,6136,89
1071,Richard,Takáč,Richard Takáč,https://www.nrsr.sk/web/dynamic/PoslanecPhoto.aspx?PoslanecID=1071&ImageWidth=140,SMER – sociálna demokracia,5423,6151,88
871,Vladimír,Baláž,Vladimír Baláž,https://www.nrsr.sk/web/dynamic/PoslanecPhoto.aspx?PoslanecID=871&ImageWidth=140,SMER – sociálna demokracia,2345,6136,38
705,Jozef,Valocký,Jozef Valocký,https://www.nrsr.sk/web/dynamic/PoslanecPhoto.aspx?PoslanecID=705&ImageWidth=140,SMER – sociálna demokracia,5046,6143,82
732,Jana,Vaľová,Jana Vaľová,https://www.nrsr.sk/web/dynamic/PoslanecPhoto.aspx?PoslanecID=732&ImageWidth=140,SMER – sociálna demokracia,4342,6151,71
1058,Anton,Stredák,Anton Stredák,https://www.nrsr.sk/web/dynamic/PoslanecPhoto.aspx?PoslanecID=1058&ImageWidth=140,SMER – sociálna demokracia,5546,6151,90
685,Ján,Podmanický,Ján Podmanický,https://www.nrsr.sk/web/dynamic/PoslanecPhoto.aspx?PoslanecID=685&ImageWidth=140,SMER – sociálna demokracia,4381,6147,71
656,Dušan,Galis,Dušan Galis,https://www.nrsr.sk/web/dynamic/PoslanecPhoto.aspx?PoslanecID=656&ImageWidth=140,SMER – sociálna demokracia,5000,6112,82
762,Marián,Saloň,Marián Saloň,https://www.nrsr.sk/web/dynamic/PoslanecPhoto.aspx?PoslanecID=762&ImageWidth=140,SMER – sociálna demokracia,5008,6136,82
769,Peter,Šuca,Peter Šuca,https://www.nrsr.sk/web/dynamic/PoslanecPhoto.aspx?PoslanecID=769&ImageWidth=140,SMER – sociálna demokracia,5173,6138,84
682,Peter,Pellegrini,Peter Pellegrini,https://www.nrsr.sk/web/dynamic/PoslanecPhoto.aspx?PoslanecID=682&ImageWidth=140,SMER – sociálna demokracia,3612,6134,59
668,Stanislav,Kubánek,Stanislav Kubánek,https://www.nrsr.sk/web/dynamic/PoslanecPhoto.aspx?PoslanecID=668&ImageWidth=140,SMER – sociálna demokracia,4786,6139,78
1069,Matúš,Šutaj Eštok,Matúš Šutaj Eštok,https://www.nrsr.sk/web/dynamic/PoslanecPhoto.aspx?PoslanecID=1069&ImageWidth=140,SMER – sociálna demokracia,4039,6147,66
761,Richard,Raši,Richard Raši,https://www.nrsr.sk/web/dynamic/PoslanecPhoto.aspx?PoslanecID=761&ImageWidth=140,SMER – sociálna demokracia,4487,6126,73
874,Augustín,Hambálek,Augustín Hambálek,https://www.nrsr.sk/web/dynamic/PoslanecPhoto.aspx?PoslanecID=874&ImageWidth=140,SMER – sociálna demokracia,4325,4802,90
293,Ľubomír,Vážny,Ľubomír Vážny,https://www.nrsr.sk/web/dynamic/PoslanecPhoto.aspx?PoslanecID=293&ImageWidth=140,SMER – sociálna demokracia,5103,6146,83
879,Róbert,Puci,Róbert Puci,https://www.nrsr.sk/web/dynamic/PoslanecPhoto.aspx?PoslanecID=879&ImageWidth=140,SMER – sociálna demokracia,4524,6153,74
36,Vladimír,Faič,Vladimír Faič,https://www.nrsr.sk/web/dynamic/PoslanecPhoto.aspx?PoslanecID=36&ImageWidth=140,SMER – sociálna demokracia,4666,6153,76
974,Martin,Nemky,Martin Nemky,https://www.nrsr.sk/web/dynamic/PoslanecPhoto.aspx?PoslanecID=974&ImageWidth=140,SMER – sociálna demokracia,4007,6132,65
40,Robert,Fico,Robert Fico,https://www.nrsr.sk/web/dynamic/PoslanecPhoto.aspx?PoslanecID=40&ImageWidth=140,SMER – sociálna demokracia,4156,6153,68
61,Dušan,Jarjabek,Dušan Jarjabek,https://www.nrsr.sk/web/dynamic/PoslanecPhoto.aspx?PoslanecID=61&ImageWidth=140,SMER – sociálna demokracia,5352,6134,87
1081,Ľubica,Laššáková,Ľubica Laššáková,https://www.nrsr.sk/web/dynamic/PoslanecPhoto.aspx?PoslanecID=1081&ImageWidth=140,SMER – sociálna demokracia,4523,6105,74
997,Ján,Blcháč,Ján Blcháč,https://www.nrsr.sk/web/dynamic/PoslanecPhoto.aspx?PoslanecID=997&ImageWidth=140,SMER – sociálna demokracia,4721,6133,77
941,Denisa,Saková,Denisa Saková,https://www.nrsr.sk/web/dynamic/PoslanecPhoto.aspx?PoslanecID=941&ImageWidth=140,SMER – sociálna demokracia,4522,6105,74
940,Erik,Tomáš,Erik Tomáš,https://www.nrsr.sk/web/dynamic/PoslanecPhoto.aspx?PoslanecID=940&ImageWidth=140,SMER – sociálna demokracia,4932,6149,80
877,Boris,Susko,Boris Susko,https://www.nrsr.sk/web/dynamic/PoslanecPhoto.aspx?PoslanecID=877&ImageWidth=140,SMER – sociálna demokracia,4948,6151,80
233,Jaroslav,Baška,Jaroslav Baška,https://www.nrsr.sk/web/dynamic/PoslanecPhoto.aspx?PoslanecID=233&ImageWidth=140,SMER – sociálna demokracia,4334,6151,70
1009,Jozef,Habánik,Jozef Habánik,https://www.nrsr.sk/web/dynamic/PoslanecPhoto.aspx?PoslanecID=1009&ImageWidth=140,SMER – sociálna demokracia,4411,6116,72
238,Juraj,Blanár,Juraj Blanár,https://www.nrsr.sk/web/dynamic/PoslanecPhoto.aspx?PoslanecID=238&ImageWidth=140,SMER – sociálna demokracia,5314,6153,86
1019,Viliam,Zahorčák,Viliam Zahorčák,https://www.nrsr.sk/web/dynamic/PoslanecPhoto.aspx?PoslanecID=1019&ImageWidth=140,SMER – sociálna demokracia,4936,6147,80
1023,Peter,Kmec,Peter Kmec,https://www.nrsr.sk/web/dynamic/PoslanecPhoto.aspx?PoslanecID=1023&ImageWidth=140,SMER – sociálna demokracia,4446,6153,72
275,Maroš,Kondrót,Maroš Kondrót,https://www.nrsr.sk/web/dynamic/PoslanecPhoto.aspx?PoslanecID=275&ImageWidth=140,SMER – sociálna demokracia,5328,6153,87
689,Ján,Richter,Ján Richter,https://www.nrsr.sk/web/dynamic/PoslanecPhoto.aspx?PoslanecID=689&ImageWidth=140,SMER – sociálna demokracia,5572,6132,91
322,Dušan,Muňko,Dušan Muňko,https://www.nrsr.sk/web/dynamic/PoslanecPhoto.aspx?PoslanecID=322&ImageWidth=140,SMER – sociálna demokracia,4857,6131,79
885,Ľuboš,Blaha,Ľuboš Blaha,https://www.nrsr.sk/web/dynamic/PoslanecPhoto.aspx?PoslanecID=885&ImageWidth=140,SMER – sociálna demokracia,4983,6133,81
880,Ladislav,Kamenický,Ladislav Kamenický,https://www.nrsr.sk/web/dynamic/PoslanecPhoto.aspx?PoslanecID=880&ImageWidth=140,SMER – sociálna demokracia,5149,6134,84
1008,Ján,Ferenčák,Ján Ferenčák,https://www.nrsr.sk/web/dynamic/PoslanecPhoto.aspx?PoslanecID=1008&ImageWidth=140,SMER – sociálna demokracia,3977,6127,65
691,Peter,Žiga,Peter Žiga,https://www.nrsr.sk/web/dynamic/PoslanecPhoto.aspx?PoslanecID=691&ImageWidth=140,SMER – sociálna demokracia,4156,6134,68
100,Peter,Osuský,Peter Osuský,https://www.nrsr.sk/web/dynamic/PoslanecPhoto.aspx?PoslanecID=100&ImageWidth=140,Sloboda a Solidarita,5318,6149,86
1084,Jarmila,Halgašová,Jarmila Halgašová,https://www.nrsr.sk/web/dynamic/PoslanecPhoto.aspx?PoslanecID=1084&ImageWidth=140,Sloboda a Solidarita,5518,6140,90
969,Anna,Zemanová,Anna Zemanová,https://www.nrsr.sk/web/dynamic/PoslanecPhoto.aspx?PoslanecID=969&ImageWidth=140,Sloboda a Solidarita,5749,6149,93
767,Richard,Sulík,Richard Sulík,https://www.nrsr.sk/web/dynamic/PoslanecPhoto.aspx?PoslanecID=767&ImageWidth=140,Sloboda a Solidarita,2049,2392,86
971,Branislav,Gröhling,Branislav Gröhling,https://www.nrsr.sk/web/dynamic/PoslanecPhoto.aspx?PoslanecID=971&ImageWidth=140,Sloboda a Solidarita,2006,2392,84
1049,Ján,Oravec,Ján Oravec,https://www.nrsr.sk/web/dynamic/PoslanecPhoto.aspx?PoslanecID=1049&ImageWidth=140,Sloboda a Solidarita,1984,2132,93
779,Ondrej,Dostál,Ondrej Dostál,https://www.nrsr.sk/web/dynamic/PoslanecPhoto.aspx?PoslanecID=779&ImageWidth=140,Sloboda a Solidarita,5160,5587,92
966,Karol,Galek,Karol Galek,https://www.nrsr.sk/web/dynamic/PoslanecPhoto.aspx?PoslanecID=966&ImageWidth=140,Sloboda a Solidarita,1990,2132,93
967,Alojz,Baránik,Alojz Baránik,https://www.nrsr.sk/web/dynamic/PoslanecPhoto.aspx?PoslanecID=967&ImageWidth=140,Sloboda a Solidarita,5286,6151,86
976,Jana,Bittó Cigániková,Jana Bittó Cigániková,https://www.nrsr.sk/web/dynamic/PoslanecPhoto.aspx?PoslanecID=976&ImageWidth=140,Sloboda a Solidarita,4727,6153,77
991,Marián,Viskupič,Marián Viskupič,https://www.nrsr.sk/web/dynamic/PoslanecPhoto.aspx?PoslanecID=991&ImageWidth=140,Sloboda a Solidarita,5589,6149,91
963,Martin,Klus,Martin Klus,https://www.nrsr.sk/web/dynamic/PoslanecPhoto.aspx?PoslanecID=963&ImageWidth=140,Sloboda a Solidarita,1358,2132,64
1001,Peter,Cmorej,Peter Cmorej,https://www.nrsr.sk/web/dynamic/PoslanecPhoto.aspx?PoslanecID=1001&ImageWidth=140,Sloboda a Solidarita,5308,6146,86
1085,Tomáš,Lehotský,Tomáš Lehotský,https://www.nrsr.sk/web/dynamic/PoslanecPhoto.aspx?PoslanecID=1085&ImageWidth=140,ZA ĽUDÍ,5591,6149,91
996,Ján,Benčík,Ján Benčík,https://www.nrsr.sk/web/dynamic/PoslanecPhoto.aspx?PoslanecID=996&ImageWidth=140,ZA ĽUDÍ,5835,6149,95
1013,Marek,Hattas,Marek Hattas,https://www.nrsr.sk/web/dynamic/PoslanecPhoto.aspx?PoslanecID=1013&ImageWidth=140,ZA ĽUDÍ,3533,6141,58
1062,Juraj,Šeliga,Juraj Šeliga,https://www.nrsr.sk/web/dynamic/PoslanecPhoto.aspx?PoslanecID=1062&ImageWidth=140,ZA ĽUDÍ,4908,6153,80
1025,Mária,Kolíková,Mária Kolíková,https://www.nrsr.sk/web/dynamic/PoslanecPhoto.aspx?PoslanecID=1025&ImageWidth=140,ZA ĽUDÍ,2229,2392,93
1075,Tomáš,Valášek,Tomáš Valášek,https://www.nrsr.sk/web/dynamic/PoslanecPhoto.aspx?PoslanecID=1075&ImageWidth=140,ZA ĽUDÍ,5080,6149,83
1026,Miroslav,Kollár,Miroslav Kollár,https://www.nrsr.sk/web/dynamic/PoslanecPhoto.aspx?PoslanecID=1026&ImageWidth=140,ZA ĽUDÍ,4614,6153,75
905,Veronika,Remišová,Veronika Remišová,https://www.nrsr.sk/web/dynamic/PoslanecPhoto.aspx?PoslanecID=905&ImageWidth=140,ZA ĽUDÍ,388,579,67
1042,Vladimíra,Marcinková,Vladimíra Marcinková,https://www.nrsr.sk/web/dynamic/PoslanecPhoto.aspx?PoslanecID=1042&ImageWidth=140,ZA ĽUDÍ,3992,6145,65
776,Jana,Žitňanská,Jana Žitňanská,https://www.nrsr.sk/web/dynamic/PoslanecPhoto.aspx?PoslanecID=776&ImageWidth=140,ZA ĽUDÍ,5122,6153,83
1099,Marek,Antal,Marek Antal,https://www.nrsr.sk/web/dynamic/PoslanecPhoto.aspx?PoslanecID=1099&ImageWidth=140,ZA ĽUDÍ,392,628,62
1037,Vladimír,Ledecký,Vladimír Ledecký,https://www.nrsr.sk/web/dynamic/PoslanecPhoto.aspx?PoslanecID=1037&ImageWidth=140,ZA ĽUDÍ,4410,4844,91
